lat,month,yr1988,yr1989,yr1990,yr1991,yr1992,yr1993,yr1994,yr1995,yr1996,yr1997,yr1998,yr1999,yr2000,yr2001,yr2002,yr2003,yr2004,yr2005,yr2006,yr2007,yr2008,yr2009,yr2010
47.34,Jan,8.394,9.133,8.903,9.284,8.906,7.689,8.825,8.719,9.493,8.664,12.193,9.15,9.078,9.568,9.329,10.671,9.692,9.037,11.102,9.288,8.305,8.071,9.834
47.34,Feb,8.245,7.947,7.445,8.896,9.752,8.152,8.277,9.591,8.642,8.26,12.219,8.86,8.704,9.142,8.804,9.689,9.048,8.728,10.01,9.147,7.745,7.656,10.164
47.34,Mar,9.002,7.98,8.819,8.565,10.993,8.996,9.585,9.717,9.612,8.746,11.687,9.562,9.271,9.046,8.845,9.871,9.451,9.799,9.796,9.645,8.213,8.249,10.173
47.34,Apr,10.326,10.336,10.137,9.852,11.489,10.793,10.971,10.873,10.574,9.904,11.476,10.459,9.714,9.34,9.345,10.125,10.505,10.36,10.706,10.126,8.82,8.941,10.302
47.34,May,12.334,12.131,10.849,11.138,12.13,13.583,12.424,11.935,11.536,12.978,12.285,10.243,11.59,10.8,10.945,11.843,12.645,12.85,11.577,11.063,10.399,10.948,10.734
47.34,Jun,12.784,13.43,13.282,11.604,12.722,14.868,14.058,12.338,12.427,13.341,12.789,11.232,12.898,12.598,13.303,13.044,14.153,14.335,14.056,13.784,11.447,13.986,12.847
47.34,Jul,12.397,15.113,13.763,13.059,14.609,14.224,12.395,15.215,12.878,12.123,13.835,12.594,13.724,12.797,13.907,14.554,14.834,14.798,13.879,15.971,12.817,13.397,12.642
47.34,Aug,12.352,13.984,14.638,13.68,14.114,15.418,16.851,13.733,11.965,13.456,13.97,14.707,14.086,13.966,12.88,14.563,15.701,13.678,12.925,14.387,14.305,14.512,13.158
47.34,Sep,11.61,13.252,16.8,13.628,12.173,12.66,12.234,14.711,14.668,16.904,12.37,12.354,13.93,13.801,13.76,13.351,15.548,13.35,12.836,12.792,13.604,14.919,13.288
47.34,Oct,12.62,12.47,12.785,11.198,12.361,11.673,11.516,14.569,12.588,14.512,12.635,11.235,12.207,11.494,10.682,13.041,13.459,13.6,12.003,11.946,12.185,11.792,13.275
47.34,Nov,11.337,10.732,11.483,9.886,11.235,10.421,10.608,11.498,10.3,12.901,11.902,11.041,10.477,10.435,11.238,11.17,11.293,11.854,11.03,10.651,11.192,11.387,11.445
47.34,Dec,10.29,9.21,9.666,9.309,8.936,8.54,8.704,10.481,9.309,12.606,10.426,10.313,9.46,9.901,10.767,10.466,9.711,9.699,10.788,9.355,9.713,9.191,9.785
41.85,Jan,10.288,8.73,10.144,8.764,10.366,10.072,11.219,10.598,11.861,11.038,12.298,9.726,10.029,10.726,10.299,11.576,10.943,11.063,11.533,9.918,9.655,9.547,11.062
41.85,Feb,9.996,8.838,9.267,10.051,11.344,10.555,10.773,11.222,11.829,10.928,12.127,9.518,10.863,9.923,10.113,11.275,10.909,11.312,10.664,10.118,9.381,9.533,11.261
41.85,Mar,10.153,9.381,9.669,9.863,12.466,11.198,10.791,11.441,10.791,10.178,11.277,9.703,10.136,9.799,9.488,11.239,10.654,12.045,10.222,10.104,9.445,9.756,11.172
41.85,Apr,9.393,10.639,10.531,9.546,12.585,11.556,10.283,11.588,11.873,10.448,10.808,9.09,10.309,9.912,9.335,11.428,10.792,11.749,10.761,10.286,8.815,8.547,10.649
41.85,May,11.298,10.24,9.014,8.663,11.103,11.49,10.242,10.483,9.69,12.362,11.219,8.672,11.743,9.131,9.357,10.879,11.709,13.228,10.159,9.017,9.023,9.391,10.793
41.85,Jun,11.88,9.303,11.753,8.604,10.77,12.432,9.894,11.165,9.166,11.597,11.454,8.841,9.976,9.596,9.729,9.899,10.773,11.352,11.144,9.951,8.889,11.419,10.019
41.85,Jul,9.807,10.488,12.252,10.119,12.926,10.907,9.985,12.847,10.702,11.973,11.536,10.071,11.124,10.458,10.748,11.726,12.134,11.819,10.922,12.648,10.445,10.798,10.034
41.85,Aug,11.003,10.68,12.042,11.846,13.006,12.134,11.696,11.797,11.969,12.993,11.663,12.444,10.903,11.409,10.922,12.781,13.06,11.811,11.099,12.534,11.712,11.54,11.165
41.85,Sep,9.911,11.256,14.329,11.285,11.396,10.983,11.976,13.13,11.677,14.913,11.558,10.597,11.189,11.021,11.095,11.062,11.315,11.03,10.739,11.486,10.534,12.762,11.229
41.85,Oct,11.471,11.066,9.899,11.035,12.138,12.074,11.129,11.415,11.756,11.367,11.6,10.113,11.353,10.864,9.695,12.437,11.375,11.254,11.025,12.089,11.062,11.229,11.014
41.85,Nov,11.744,10.438,10.742,10.119,12.421,10.148,10.153,11.609,11.069,13.06,11.173,11.285,10.903,11.208,12.528,10.939,10.791,12.015,11.8,10.872,11.806,12.378,11.637
41.85,Dec,9.616,10.734,9.681,9.289,11.286,10.992,10.036,12.812,11.086,12.628,10.229,10.755,11.074,10.738,11.791,11.129,10.338,11.341,11.03,9.763,10.321,10.265,10.923
40.78,Jan,10.761,9.083,10.784,10.061,10.789,10.807,11.99,11.374,12.557,11.602,13.458,10.38,10.933,11.286,10.774,12.321,11.773,11.83,12.25,10.266,10.217,10.192,11.917
40.78,Feb,10.107,9.215,9.845,10.927,11.948,11.48,11.64,11.835,12.141,11.461,13.248,9.801,11.711,10.06,10.239,11.77,11.747,11.995,11.35,10.785,9.881,10.079,11.799
40.78,Mar,10.724,9.836,10.333,10.321,12.653,11.624,11.647,12.058,11.421,10.771,12.202,9.872,11.139,10.079,10.179,11.485,11.546,12.368,10.801,10.768,10.079,10.373,11.953
40.78,Apr,9.96,11.45,11.122,10.298,13.157,12.255,11.315,12.031,12.014,10.508,11.619,9.712,11.275,10.291,10.01,11.491,11.654,12.199,11.356,10.991,9.883,9.99,11.542
40.78,May,12.187,11.485,10.142,9.85,12.839,12.425,11.906,11.546,11.267,13.359,11.99,9.37,12.401,10.123,9.658,11.599,12.375,13.875,11.225,10.741,10.475,10.767,11.655
40.78,Jun,12.966,11.549,12.634,10.006,12.323,13.622,12.526,11.856,10.377,12.599,12.175,10.871,10.936,10.967,10.512,11.578,11.639,12.47,12.616,11.75,10.144,13.075,11.047
40.78,Jul,11.677,12.173,12.442,10.891,13.319,11.752,11.243,14.034,11.583,13.06,12.17,11.365,11.873,11.414,11.666,12.382,12.709,12.753,12.095,14.066,12.018,11.717,11.058
40.78,Aug,11.469,12.465,12.636,13.194,12.721,13.256,13.849,12.843,12.58,14.31,12.388,12.758,12.276,12.154,11.42,13.657,13.436,11.996,11.832,14.039,13.518,12.792,12.232
40.78,Sep,10.746,11.64,15.052,11.9,12.503,11.535,12.948,14.626,12.35,16.664,12.284,11.612,12.369,11.585,12.735,12.04,12.066,11.514,11.702,13.495,11.81,13.478,12.979
40.78,Oct,12.224,11.513,10.949,11.617,12.842,12.485,11.782,12.494,12.412,12.316,12.57,10.892,11.271,11.562,10.849,13.241,12.637,11.996,11.831,12.253,12.201,12.32,11.966
40.78,Nov,12.049,10.863,11.548,10.786,12.739,11.42,10.563,12.409,11.872,14.392,12.079,11.9,10.884,11.556,11.767,11.625,11.428,11.728,12.551,11.829,12.241,13.044,12.409
40.78,Dec,10.594,11.571,10.55,9.869,11.639,11.869,10.862,13.579,11.886,13.863,10.921,11.007,11.664,11.075,12.269,11.92,11.107,12.188,11.67,10.349,10.876,10.771,11.932
39.22,Jan,11.366,10.252,11.525,10.647,12.257,11.808,12.183,11.596,12.969,11.988,14.155,11.232,10.726,11.204,11.232,12.472,11.756,12.267,12.685,10.819,10.322,10.928,12.108
39.22,Feb,11.047,10.164,10.807,11.367,13.139,12.385,12.047,12.178,13.09,11.493,13.625,10.929,11.356,10.011,10.884,12.206,11.499,12.423,11.76,11.011,10.361,10.496,12.024
39.22,Mar,11.029,10.626,10.64,10.806,13.162,12.675,11.867,12.414,11.841,10.518,12.447,11.015,10.342,10.547,10.738,11.657,11.086,12.886,11.382,10.792,9.967,10.32,11.73
39.22,Apr,10.801,11.846,11.022,10.445,12.904,12.189,10.915,11.47,11.921,10.976,11.544,10.436,11.057,9.92,10.422,11.366,11.375,11.944,11.758,10.129,9.287,9.142,11.05
39.22,May,11.494,11.475,10.837,9.566,12.682,12.325,10.576,10.548,10.956,13.717,12.472,9.358,11.141,10.361,10.653,10.437,12.029,12.929,10.941,10.107,9.632,9.914,10.135
39.22,Jun,11.571,11.175,11.426,9.919,12.855,11.795,10.476,10.883,10,12.526,12.455,10.036,11.533,10.526,10.265,10.304,10.587,10.989,11.257,10.75,9.2,11.414,10.196
39.22,Jul,11.037,10.856,12.906,11.88,13.68,10.837,10.993,12.535,12.22,12.251,12.47,11.23,11.181,10.629,11.009,10.351,13.256,11.867,11.895,11.741,11.604,11.09,10.934
39.22,Aug,12.65,11.61,13.002,13.99,12.726,12.766,11.454,12.365,11.784,15.233,11.925,12.202,10.799,12.296,12.011,13.359,13.745,11.817,12.902,13.02,11.701,12.44,10.987
39.22,Sep,12.476,12.592,15.36,13.457,13.311,12.749,13.547,13.627,12.801,15.4,12.843,11.82,13.022,13.072,12.415,12.321,12.542,12.23,11.862,13.545,12.857,13.363,11.991
39.22,Oct,12.765,12.399,11.978,13.454,14.546,12.79,12.432,12.474,13.09,13.623,13.068,11.873,12.216,11.805,12.154,12.174,12.82,12.471,13.381,13.273,12.414,11.949,11.667
39.22,Nov,12.795,12.224,11.962,11.989,13.074,12.484,11.222,13.493,12.448,15.464,12.56,12.623,11.754,11.888,12.58,11.894,12.817,12.411,13.125,12.049,12.609,11.963,12.109
39.22,Dec,11.575,12.579,10.878,11.39,12.372,12.347,11.238,13.726,12.712,14.596,11.544,11.502,12.237,11.651,12.569,12.099,12.179,13.022,12.105,10.493,11.734,11.456,12.327
38.23,Jan,11.242,10.267,11.97,10.459,12.421,12.194,12.481,12.155,12.281,12.262,13.547,10.795,11.443,11.493,11.131,12.918,11.689,12.609,12.67,10.757,10.816,10.628,12.541
38.23,Feb,10.978,10.047,10.505,11.449,13.335,12.42,12.423,12.759,13.072,11.764,13.109,10.392,11.87,10.701,10.916,12.515,11.85,12.71,12.125,11.036,10.694,10.928,12.438
38.23,Mar,10.76,10.84,10.305,11.195,13.185,12.718,12.428,13.065,12.618,10.541,12.348,10.506,10.809,11.172,10.777,11.89,11.144,13.337,11.633,10.887,10.252,10.403,12.095
38.23,Apr,10.802,11.748,10.701,10.378,12.513,12.071,10.537,11.048,12.531,10.919,11.89,9.735,10.906,9.496,10.34,11.14,10.499,11.4,11.765,9.846,9.554,9.336,11.407
38.23,May,11.042,11.12,10.357,9.484,12.33,12.212,9.943,10.929,10.285,13.184,12.399,8.298,10.61,9.782,9.788,10.034,10.759,12.248,10.408,9.903,9.586,9.251,9.903
38.23,Jun,11.182,10.354,10.788,9.815,12.28,11.173,9.402,10.658,9.293,12.2,12.301,9.203,10.519,9.45,8.886,10.126,10.499,10.834,10.828,9.747,9.233,11.804,10.425
38.23,Jul,10.605,9.826,12.024,11.749,13.402,10.478,10.673,12.516,11.321,11.973,11.295,10.793,10.75,10.916,10.261,10.105,11.944,11.728,11.678,11.196,11.732,10.972,11.251
38.23,Aug,12.775,11.395,13.176,12.844,11.781,12.246,10.957,11.981,11.251,14.437,12.474,12.087,10.687,11.491,11.699,12.878,12.772,13.113,13.02,11.868,12.112,12.237,11.85
38.23,Sep,11.942,12.638,12.695,12.989,13.309,12.35,12.555,12.823,12.135,14.575,13.148,11.692,13.533,11.62,13.179,12.249,12.433,12.714,12.497,12.6,13.993,12.69,11.657
38.23,Oct,12.794,13.067,12.12,13.754,14.926,13.259,12.89,12.462,12.352,13.106,12.6,11.676,12.419,11.606,12.606,11.91,12.937,11.935,14.218,11.964,12.466,11.862,12.01
38.23,Nov,12.878,12.358,11.542,11.804,13.594,13.997,11.518,12.576,11.757,14.628,11.853,12.472,11.232,11.944,12.898,12.083,13.571,12.219,13.651,11.623,12.63,11.479,11.512
38.23,Dec,11.252,12.879,10.535,11.229,12.664,12.774,11.367,12.676,12.099,13.911,11.211,11.238,11.8,11.437,12.979,12.235,12.495,12.29,12.105,10.813,11.464,11.271,11.937
37.75,Jan,11.055,9.847,11.79,10.401,11.54,11.477,11.767,11.555,11.758,11.812,13.964,10.307,11.05,11.518,11.168,12.715,12.286,12.563,12.333,10.754,11,10.929,13.14
37.75,Feb,11.297,9.743,10.376,11.458,12.773,12.008,12.036,12.369,12.27,11.522,13.605,10.535,12.156,10.97,11.022,12.322,11.808,12.973,11.709,11.266,11.013,11.627,12.842
37.75,Mar,11.287,11.175,10.474,11.224,13.979,13.055,12.671,12.883,12.252,10.237,12.982,10.304,11.31,11.62,10.999,11.863,12.116,13.945,11.66,11.258,10.633,11.274,12.238
37.75,Apr,11.587,12.603,11.817,10.541,13.427,12.136,11.212,11.155,11.886,10.042,12.607,9.703,11.494,10.04,10.897,11.313,11.181,11.655,12.587,10.172,9.603,9.6,11.551
37.75,May,11.03,11.229,11.527,9.874,13.384,12.475,10.834,11.152,11.075,12.593,13.024,9.307,10.932,11.157,10.485,11.074,11.44,13.417,12.195,10.57,10.123,10.418,10.06
37.75,Jun,12.13,11.693,11.912,11.129,13.408,12.551,10.486,11.597,10.483,11.302,13.468,10.471,11.903,11.034,10.258,11.337,10.809,11.735,12.09,11.279,10.166,13.495,11.148
37.75,Jul,12.651,12.105,13.212,13.363,15.046,12.584,12,13.319,12.945,12.79,12.977,12.607,12.494,12.934,12.298,12.037,13.692,13.86,13.547,13.287,13.568,12.831,12.563
37.75,Aug,14.811,13.735,14.596,14.189,13.583,14.809,12.452,13.471,12.848,15.979,13.859,13.224,12.508,12.885,13.602,14.439,14.697,14.353,14.742,13.603,13.389,14.064,13.117
37.75,Sep,13.638,14.712,15.348,13.803,14.577,14.11,13.677,13.77,13.791,16.079,14.358,13.473,14.453,12.974,13.831,14.613,14.478,14.067,13.785,14.095,14.811,13.46,13.101
37.75,Oct,13.456,13.77,13.136,13.958,15.075,13.931,13.165,13.106,12.927,14.746,13.342,14.086,13.823,13.367,13.452,12.572,13.347,12.729,14.88,12.767,13.662,12.52,12.926
37.75,Nov,12.759,12.996,11.365,12.02,13.868,13.651,11.548,12.282,11.862,15.65,12.2,13.096,11.981,12.956,12.535,12.882,14.196,12.983,13.749,12.81,13.104,11.908,12.788
37.75,Dec,11.132,12.035,10.319,10.881,12.509,12.264,10.87,11.997,11.704,14.263,11.273,11.283,11.463,11.667,12.819,12.934,12.76,12.299,12.26,11.007,11.802,11.86,11.85
37.36,Jan,11.623,10.626,12.846,11.739,12.738,12.944,13.009,12.2,12.199,12.419,14.248,10.886,11.473,12.041,11.436,13.186,12.283,13.219,12.421,11.067,11.729,11.668,13.547
37.36,Feb,11.426,10.709,11.099,11.933,13.459,12.98,12.755,12.909,12.711,12.099,13.927,10.924,12.205,11.217,11.207,12.849,11.756,13.202,12.519,11.326,11.749,12.279,13.295
37.36,Mar,11.599,11.52,11.495,11.57,14.051,13.496,13.048,13.346,12.743,11.112,13.412,10.618,11.873,11.964,11.26,12.443,11.895,13.669,11.669,10.983,11.359,11.883,12.738
37.36,Apr,11.661,12.929,12.421,11.299,14.085,12.629,11.86,11.777,12.595,10.898,13.063,9.958,12.126,10.755,11.343,12.023,11.458,11.987,12.354,10.763,10.546,10.54,12.165
37.36,May,11.672,12.443,12.262,10.759,13.746,13.117,11.617,11.882,11.969,13.227,13.509,10.175,11.661,12.191,11.665,11.722,12.613,13.633,12.528,10.653,11.051,11.308,11.001
37.36,Jun,12.42,12.938,12.448,11.916,13.741,12.925,11.239,12.317,11.583,11.928,13.92,11.306,12.61,12.604,11.75,12.405,11.548,11.871,13.07,11.327,11.035,13.886,11.498
37.36,Jul,13.533,12.838,13.944,13.752,15.406,13.197,12.649,13.778,13.312,13.274,13.518,13.123,12.952,13.862,13.125,12.384,13.907,13.69,13.545,13.43,13.904,13.31,13.127
37.36,Aug,14.866,13.815,15.252,14.597,14.142,14.939,12.934,13.967,13.145,16.063,14.466,13.562,13.335,13.996,13.933,16.086,15.259,14.379,15.054,13.998,13.802,14.301,13.409
37.36,Sep,13.886,14.929,15.842,13.927,15.179,14.338,14.359,14.362,13.583,16.006,15.11,14.1,14.622,13.582,14.006,15.591,14.798,14.713,14.023,14.298,15.02,13.768,13.813
37.36,Oct,13.541,14.536,13.027,14.019,15.523,14.251,14.078,13.606,13.214,14.91,13.775,14.054,13.764,13.327,13.509,12.89,13.909,14.07,14.927,13.207,13.917,13.035,13.393
37.36,Nov,12.866,13.377,11.832,12.031,14.29,13.918,12.063,12.688,12.459,15.641,12.957,13.079,11.893,13.286,12.75,13.274,14.113,14.377,14.231,13.234,13.516,12.477,12.939
37.36,Dec,11.717,13.689,11.61,11.838,13.655,13.297,11.99,12.464,12.328,14.492,11.685,11.429,11.989,12.104,13.502,13.077,12.538,12.618,12.517,11.719,12.381,12.481,12.33
36.75,Jan,11.95,10.943,13.003,12.068,13.038,13.224,13.282,12.573,12.844,12.712,14.397,11.684,11.45,11.88,11.352,13.468,12.7,13.682,12.947,11.843,11.749,12.014,13.162
36.75,Feb,11.534,11.21,11.511,12.157,13.667,13.267,13.054,12.962,13.047,12.199,14.123,11.432,12.072,11.079,11.058,13.119,11.843,13.708,12.38,12.391,11.332,12.065,13.466
36.75,Mar,11.695,11.671,11.694,11.692,14.207,13.702,13.317,13.462,13.035,10.982,13.646,11.316,11.647,11.737,11.41,12.766,12.276,14.209,12.178,11.768,11.187,11.956,12.989
36.75,Apr,11.748,12.842,12.393,11.514,14.236,12.999,12.568,12.375,12.504,11.854,13.359,10.564,11.838,11.413,11.327,12.466,11.897,12.859,12.886,11.017,10.666,11.04,12.378
36.75,May,11.706,12.545,12.287,10.699,13.988,13.258,12.46,12.04,11.618,13.183,13.678,10.656,12.754,11.441,10.845,11.836,12.481,14.054,12.949,11.801,10.875,11.646,11.18
36.75,Jun,12.567,13.832,12.616,11.637,13.875,13.317,12.151,11.751,11.019,13.727,13.988,11.725,12.663,12.861,11.462,13.596,12.078,13.091,13.646,12.462,12.112,13.837,11.911
36.75,Jul,13.067,12.575,14.218,13.595,15.478,13.341,13.174,14.625,13.008,13.49,13.684,13.359,12.903,13.722,12.918,13.402,14.082,14.65,13.961,14.724,14.123,13.5,13.862
36.75,Aug,14.981,14.381,15.561,15.089,14.289,15.044,13.209,14.22,13.359,16.086,15.207,14.268,12.73,12.893,13.424,16.801,14.847,15.167,15.414,14.584,14.045,14.472,14.481
36.75,Sep,14.243,14.931,16.027,15.49,15.235,14.509,14.733,14.197,13.597,17.12,15.744,13.783,14.616,13.604,13.795,16.199,14.942,15.078,14.861,14.932,15.309,13.667,13.779
36.75,Oct,13.647,15.491,14.844,14.283,15.514,14.372,14.625,14.653,14.582,16.104,14.313,14.361,13.813,13.693,13.597,13.085,14.963,13.017,15.442,14.566,14.593,13.632,13.77
36.75,Nov,12.979,13.923,12.72,12.46,14.502,14.158,12.485,13.507,12.355,15.687,13.203,12.835,12.083,13.477,12.989,14.452,14.79,13.493,14.645,14.454,13.736,12.648,13.281
36.75,Dec,11.748,13.975,12.474,12.208,13.868,13.531,12.365,13.145,12.126,14.626,11.851,11.36,12.437,11.998,13.682,13.339,12.977,13.111,12.898,11.743,12.598,12.682,12.295
35.74,Jan,12.643,11.768,13.5,12.737,13.566,13.725,13.775,13.169,13.824,13.154,14.727,11.783,12.209,12.322,12.018,13.968,13.128,13.802,13.213,12.575,12.018,12.49,13.637
35.74,Feb,12.614,11.524,12.362,12.813,14.103,13.762,13.579,13.517,13.813,12.462,14.493,11.431,12.741,11.677,11.719,13.752,12.693,14.054,12.851,12.8,11.741,12.74,13.615
35.74,Mar,12.618,12.083,11.816,12.491,14.565,14.133,13.804,13.75,13.407,11.692,14.086,11.69,12.378,12.196,12.204,12.922,13.214,14.083,12.455,12.463,11.328,12.328,12.957
35.74,Apr,13.051,12.998,13.016,11.214,14.589,13.533,13.266,12.066,12.549,11.329,13.84,11.694,12.216,11.395,11.653,12.313,12.384,13.126,13.252,12.102,11.288,12.101,12.834
35.74,May,12.751,13.523,12.924,11.612,14.377,13.754,12.985,12.532,12.827,12.01,14.113,11.188,12.082,12.843,11.567,12.769,12.304,14.472,13.567,11.533,11.369,11.95,12.184
35.74,Jun,14.237,13.336,13.206,12.12,16.311,14.122,11.723,12.961,11.765,13.144,14.377,11.999,13.412,12.506,12.014,13.125,11.731,12.829,13.4,12.362,12.168,14.996,12.036
35.74,Jul,13.603,12.493,14.587,14.011,15.795,16.553,13.089,14.486,13.952,13.835,14.118,13.4,13.515,13.934,13.802,14.655,14.563,14.435,13.404,14.085,14.063,14.151,14.59
35.74,Aug,16.028,14.506,15.739,14.818,14.635,17.743,13.712,14.2,14.269,16.17,15.466,14.553,13.493,13.534,14.537,15.262,15.022,15.468,16.742,14.669,14.555,15.087,14.398
35.74,Sep,15.589,15.119,15.564,15.299,15.443,17.999,15.014,14.335,14.767,17.053,16.234,14.203,15.895,14.637,13.45,16.124,15.894,14.347,15.496,15.179,16.352,14.741,14.438
35.74,Oct,14.494,14.885,14.676,15.585,15.681,14.828,14.922,14.401,14.316,16.185,14.442,14.696,15.416,13.865,14.17,14.162,15.624,14.632,15.899,15.078,14.99,14.658,15.024
35.74,Nov,13.908,14.618,13.294,13.917,14.817,14.523,13.094,14.464,13.439,15.829,13.068,13.392,13.327,14.109,14.043,14.81,15.327,14.227,15.278,13.707,14.262,13.766,14.042
35.74,Dec,13.063,14.521,13.084,12.857,14.275,13.987,12.991,14.091,13.138,14.923,12.129,12.133,13.26,12.536,14.341,13.384,13.717,13.846,13.642,12.495,13.473,13.214,12.955
34.87,Jan,12.472,11.387,13.681,13.073,13.45,13.679,13.766,13.421,13.006,13.3,15.503,13.154,12.797,13.158,12.469,13.89,12.719,13.921,12.672,12.591,12.256,12.843,13.299
34.87,Feb,12.93,11.418,12.083,13.167,14.035,13.843,13.599,13.613,13.318,12.492,14.781,12.222,12.912,11.984,12.439,13.651,12.167,13.732,12.277,13.044,12.096,12.758,13.495
34.87,Mar,12.787,11.315,11.189,12.494,14.741,13.631,13.791,13.986,14.074,11.965,13.994,11.367,12.071,12.422,12.37,12.132,12.441,14.123,12.189,12.118,11.107,11.853,12.672
34.87,Apr,13.22,12.738,13.077,11.637,14.041,12.094,13.334,12.978,13.458,11.381,12.947,11.669,11.751,11.561,12.231,11.367,11.548,11.578,13.172,11.063,10.513,10.852,12.521
34.87,May,12.055,12.008,12.497,10.542,15.015,13.253,13.041,11.928,13.043,12.931,13.13,11.33,11.035,13.078,11.04,11.244,11.662,12.497,12.079,11.761,11.192,11.555,11.416
34.87,Jun,12.451,12.606,12.328,12.006,15.159,13.648,12.838,12.375,12.189,13.664,14.238,12.474,13.756,13.662,12.35,13.305,11.954,12.063,12.535,12.42,12.566,14.351,11.512
34.87,Jul,14.748,13.257,14.304,14.588,14.379,16.42,14.399,13.913,13.972,15.277,15.584,14.455,14.285,14.518,14.02,13.164,14.391,13.126,14.109,13.381,13.999,14.02,13.511
34.87,Aug,16.098,14.589,16.107,14.867,15.016,15.314,16.999,14.426,13.924,16.98,17.093,13.4,14.451,13.824,13.66,14.433,14.761,14.954,15.986,14.583,14.928,14.077,13.668
34.87,Sep,14.624,14.208,14.99,15.641,15.819,15.009,15.028,14.384,15.646,18.03,16.789,15.035,16.201,15.441,13.514,14.594,16.043,14.289,15.7,15.049,15.441,14.425,13.226
34.87,Oct,14.993,15.16,16.441,15.295,16.224,15.87,15.066,15.668,14.403,17.439,15.138,14.787,15.509,14.762,14.51,14.686,15.493,13.254,15.953,13.549,14.425,14.931,14.711
34.87,Nov,13.157,15.045,14.649,14.002,15.953,15.174,13.576,15.314,13.733,17.989,13.765,13.791,13.585,14.94,14.276,14.253,14.824,14.057,13.923,13.64,15.176,13.959,13.807
34.87,Dec,12.994,14.686,14.124,13.762,14.272,13.955,13.205,14.029,13.323,16.333,12.341,12.963,13.621,12.378,14.587,13.142,13.777,13.434,13.669,13.002,13.597,13.352,12.966
34.71,Jan,12.81,11.711,13.93,13.222,13.67,13.927,14.034,13.461,13.171,13.589,15.633,12.968,12.937,13.13,12.454,14.167,13.144,14.185,12.717,12.645,12.075,12.739,13.501
34.71,Feb,13.025,11.58,12.436,13.474,14.303,14.127,13.875,13.779,13.543,12.884,14.92,12.126,13.076,11.937,12.35,13.906,12.673,13.981,12.194,13.145,11.975,12.529,13.498
34.71,Mar,13.297,11.859,11.563,12.591,14.774,13.859,14.058,14.086,14.326,12.257,14.148,11.71,12.16,12.541,12.533,12.374,12.746,14.646,12.229,12.096,11.305,11.725,12.979
34.71,Apr,13.461,13.355,13.333,11.739,14.29,12.206,13.62,12.263,13.781,11.832,13.313,11.799,11.912,11.872,12.372,11.924,12.186,12.315,13.068,11.332,10.351,10.887,12.565
34.71,May,11.721,12.329,12.7,10.759,14.635,13.339,13.391,11.952,13.41,13.085,13.548,11.257,11.586,13.265,11.391,11.527,12.382,13.251,12.335,11.436,11.228,11.774,11.041
34.71,Jun,12.097,13.062,12.98,12.883,15.173,13.921,13.028,12.615,12.655,13.982,14.413,12.552,13.653,14.365,12.889,13.736,12.501,12.683,12.784,12.494,12.235,14.584,11.524
34.71,Jul,15.284,13.981,15.307,15.266,15.389,16.899,14.411,14.035,14.166,15.434,15.424,14.472,14.738,15.09,14.678,13.475,14.685,13.516,14.171,13.642,14.225,14.649,14.071
34.71,Aug,15.441,15.109,16.725,15.384,15.65,15.823,15.637,14.585,14.257,17.756,17.048,13.784,14.887,14.426,14.515,14.678,15.732,15.458,16.588,14.65,15.324,14.088,13.637
34.71,Sep,14.589,14.299,15.885,15.587,16.171,15.443,16.181,14.487,15.712,18.512,16.941,15.491,16.145,15.749,14.106,14.591,16.414,15.158,15.602,15.145,15.915,14.501,13.495
34.71,Oct,15.212,15.564,15.845,15.662,16.475,16.345,15.803,16.566,14.717,17.878,15.192,14.993,15.701,15.068,15.199,15.096,15.8,13.461,15.928,13.656,14.98,14.869,14.921
34.71,Nov,13.62,15.486,15.244,14.326,16.556,15.7,13.952,15.836,14.055,18.159,13.699,14.01,14.19,15.035,14.513,14.806,15.282,14.084,14.114,13.991,14.787,14.42,14.118
34.71,Dec,12.747,15.061,14.21,13.998,14.622,14.207,13.355,14.346,13.595,16.24,12.453,13.137,13.671,12.729,14.823,13.337,13.976,13.51,13.901,13.143,13.47,13.582,13.276
33.74,Jan,13.727,12.867,15.746,14.732,14.291,14.555,14.968,14.681,15.12,14.2,16.91,14.318,14.078,13.843,14.284,15.641,14.184,15.276,14.196,14.724,13.625,14.14,15.355
33.74,Feb,14.288,13.074,15.008,15.489,15.005,14.897,14.278,14.844,14.803,14.235,16.369,13.536,13.714,12.828,14.218,15.042,13.928,15.368,14.549,14.815,13.612,13.971,15.27
33.74,Mar,14.962,14.126,14.259,15.294,15.521,15.44,14.769,15.086,14.09,15.083,15.985,13.66,14.027,13.979,14.057,14.586,14.879,15.688,13.226,14.468,14.219,14.366,14.82
33.74,Apr,16.216,15.767,15.961,14.588,17.691,15.843,14.32,14.516,14.684,15.523,14.993,13.354,15.067,13.613,14.416,14.483,15.447,14.953,15.209,14.838,14.605,14.528,14.637
33.74,May,16.02,16.139,17.304,14.596,18.15,17.573,15.417,14.776,17.444,18.062,16.621,15.809,16.447,16.573,15.923,15.305,17.763,16.986,16.899,15.564,16.762,17.072,15.144
33.74,Jun,16.053,16.17,18.798,16.512,17.218,19.341,18.455,16.565,18.558,19.847,18.107,16.642,18.922,18.809,17.755,17.675,18.66,18.137,19.063,17.578,18.554,18.031,17.515
33.74,Jul,19.791,16.966,20.387,18.27,19.856,20.39,19.167,18.443,18.336,18.748,19.418,18.449,19.684,19.013,19.031,19.978,19.787,18.855,21.583,20.309,19.83,19.968,17.736
33.74,Aug,20.345,17.943,19.698,18.844,21.222,19.805,20.31,19.332,20.137,20.235,20.612,18.289,20.582,19.133,19.43,20.639,20.526,20.124,21.435,20.867,21.102,20.087,18.19
33.74,Sep,19.244,17.241,21.367,18.147,20.14,19.609,19.701,19.856,20.359,20.889,20.841,17.69,19.985,19.005,19.028,18.536,20.959,19.632,20.036,18.641,20.296,19.882,17.935
33.74,Oct,18.812,18.117,20.133,18.542,19.155,19.096,18.64,19.113,18.249,20.34,18.702,18.198,18.435,18.258,17.671,18.046,18.743,18.36,17.883,18.147,18.619,18.454,17.988
33.74,Nov,16.389,17.665,18.277,16.212,18.202,17.471,15.825,17.006,16.015,20.171,16.79,16.919,16.02,17.058,16.616,15.782,17.49,16.769,17.97,16.491,17.075,17.231,16.676
33.74,Dec,14.265,16.896,16.007,14.496,15.537,16.072,15.091,16.194,14.773,16.985,14.2,14.567,14.578,14.227,15.7,15.166,15.79,15.45,16.112,14.512,15.217,15.14,14.243